model_type,model,Restaurant-ACOS,Restaurant-ACOS,Restaurant-ACOS,Restaurant-ACOS,Restaurant-ACOS,Restaurant-ACOS,Laptop-ACOS,Laptop-ACOS,Laptop-ACOS,Laptop-ACOS,Laptop-ACOS,Laptop-ACOS,Shoes-ACOS,Shoes-ACOS,Shoes-ACOS,Shoes-ACOS,Shoes-ACOS,Shoes-ACOS
,,f1-score,precision,recall,span f1-score,span precision,span recall,f1-score,precision,recall,span f1-score,span precision,span recall,f1-score,precision,recall,span f1-score,span precision,span recall
MvP,MAIN,83.875,84.40251572327044,83.35403726708076,85.40387340576288,86.25954198473282,84.56501403180543,83.26572008113591,83.86108273748724,82.67875125881167,86.351606805293,86.44965934897805,86.25377643504531,77.45664739884393,79.76190476190477,75.28089887640449,72.61146496815287,71.92429022082018,73.31189710610933
MvP,UNIFIED,82.97213622291022,82.71604938271605,83.22981366459628,84.50442066077244,84.07407407407408,84.93919550982227,83.23232323232324,83.48530901722391,82.98086606243706,85.85476550680788,85.98484848484848,85.72507552870091,75.57251908396948,77.04280155642024,74.15730337078652,71.20253164556961,70.09345794392523,72.34726688102894
GEN_SCL_NAT,GEN_SCL_NAT,86.98931489629165,88.04071246819338,85.96273291925466,88.61480075901328,89.89412897016362,87.37137511693172,83.59573387506349,84.32377049180327,82.88016112789526,86.2656072644722,86.42911296436695,86.10271903323263,76.425855513308,77.60617760617761,75.28089887640449,75.00000000000001,76.76767676767676,73.31189710610933
GPT,GPT-3.5,75.14654161781945,71.1431742508324,79.62732919254658,78.0053428317008,74.42650807136788,81.94574368568756,72.5897920604915,68.38824577025824,77.34138972809667,76.5389876880985,69.9375,84.5166163141994,69.75881261595546,69.11764705882352,70.4119850187266,67.18266253869969,64.77611940298507,69.77491961414792
GPT,GPT-4,79.78468899521532,76.93194925028835,82.85714285714286,81.14233907524932,78.71591908531222,83.72310570626755,77.79904306220095,74.11121239744757,81.87311178247734,79.86254295532646,73.26607818411097,87.7643504531722,75.42213883677297,75.56390977443608,75.28089887640449,73.73417721518987,72.58566978193146,74.91961414790997
