model_type,model,Shoes-ACOSI,Shoes-ACOSI,Shoes-ACOSI
,,f1-score,precision,recall
MvP,MAIN,70.60653188180405,75.91973244147158,65.98837209302324
MvP,UNIFIED,71.60493827160495,76.31578947368422,67.44186046511628
GEN-SCL-NAT,GEN-SCL-NAT,69.36236391912908,74.5819397993311,64.82558139534885
GPT,3.5-KNN,61.32930513595167,63.83647798742138,59.01162790697675
GPT,3.5-RAND,58.931297709923655,62.057877813504824,56.104651162790695
GPT,4-KNN,67.46268656716418,69.32515337423312,65.69767441860465
GPT,4-RAND,63.28358208955224,65.03067484662577,61.627906976744185
