model_type,model,Shoes-ACOSI,Shoes-ACOSI,Shoes-ACOSI
,,f1-score,precision,recall
MvP,MAIN,47.09976798143852,51.653944020356235,43.28358208955223
MvP,UNIFIED,47.11316397228637,51.385390428211586,43.49680170575693
GEN-SCL-NAT,GEN-SCL-NAT,44.51901565995526,46.82352941176471,42.430703624733475
GPT,3.5-KNN,44.893378226711555,47.39336492890995,42.643923240938165
GPT,3.5-RAND,41.36363636363637,44.28223844282238,38.80597014925373
GPT,4-KNN,47.019867549668874,48.74141876430206,45.41577825159915
GPT,4-RAND,45.5981941309255,48.44124700239808,43.070362473347544
