model_type,model,Shoes-ACOSI,Shoes-ACOSI,Shoes-ACOSI
,,f1-score,precision,recall
MvP,MAIN,19.517313746065057,21.379310344827587,17.953667953667953
MvP,UNIFIED,20.930232558139537,23.130841121495326,19.111969111969113
GEN-SCL-NAT,GEN-SCL-NAT,18.34862385321101,19.43844492440605,17.374517374517374
GPT,3.5-KNN,15.068493150684931,15.277777777777779,14.864864864864865
GPT,3.5-RAND,14.54183266932271,15.020576131687244,14.092664092664092
GPT,4-KNN,16.93227091633466,17.48971193415638,16.409266409266408
GPT,4-RAND,16.04060913705584,16.916488222698074,15.250965250965251
