model_type,model,Restaurant-ACOS,Restaurant-ACOS,Restaurant-ACOS,Laptop-ACOS,Laptop-ACOS,Laptop-ACOS,Shoes-ACOS,Shoes-ACOS,Shoes-ACOS
,,f1-score,precision,recall,f1-score,precision,recall,f1-score,precision,recall
MvP,MAIN,59.49227373068432,60.15625,58.842794759825324,44.5124617402711,45.00442086648983,44.03114186851211,19.096509240246405,20.26143790849673,18.058252427184467
MvP,UNIFIED,59.42982456140351,59.691629955947135,59.1703056768559,42.95067656045395,43.348017621145374,42.56055363321799,19.328585961342828,20.299145299145298,18.446601941747574
GPT,3.5,43.96284829721362,41.68297455968688,46.50655021834061,29.230769230769226,27.473363774733638,31.228373702422147,11.08910891089109,11.313131313131313,10.87378640776699
GPT,4,50.825785828449646,49.63579604578564,52.07423580786026,35.22012578616353,34.17412530512612,36.332179930795846,16.08961303462322,16.916488222698074,15.339805825242719
,GEN-SCL-NAT,62.26415094339621,63.318284424379236,61.24454148471615,46.17402710975077,46.684350132625994,45.674740484429066,19.08548707753479,19.551934826883908,18.640776699029125
