model_type,model,Restaurant-ACOS,Restaurant-ACOS,Restaurant-ACOS,Laptop-ACOS,Laptop-ACOS,Laptop-ACOS,Shoes-ACOS,Shoes-ACOS,Shoes-ACOS
,,f1-score,precision,recall,f1-score,precision,recall,f1-score,precision,recall
MvP,MAIN,59.85523667914639,60.71918036486088,59.01746724890829,44.08733371010553,44.570102687707056,43.615916955017305,19.658051213988507,21.357978582377463,18.21359223300971
MvP,UNIFIED,59.73898175981022,60.050359437665136,59.43231441048035,44.01050352864149,44.252445946323355,43.77162629757785,19.224697829570275,20.55792749554617,18.058252427184463
GEN-SCL-NAT,GEN-SCL-NAT,62.26415094339621,63.318284424379236,61.24454148471615,46.17402710975077,46.684350132625994,45.674740484429066,19.08548707753479,19.551934826883908,18.640776699029125
GPT,3.5-KNN,43.96284829721362,41.68297455968688,46.50655021834061,29.230769230769226,27.473363774733638,31.228373702422147,11.08910891089109,11.313131313131313,10.87378640776699
GPT,3.5-KNN-906,43.54166666666667,41.63346613545817,45.633187772925766,28.257328990228014,26.692307692307693,30.017301038062282,11.133200795228628,11.405295315682281,10.87378640776699
GPT,4-KNN,50.825785828449646,49.63579604578564,52.07423580786026,35.22012578616353,34.17412530512612,36.332179930795846,16.08961303462322,16.916488222698074,15.339805825242719
GPT,4-KNN-906,51.12624410686224,49.14400805639476,53.275109170305676,32.7455919395466,31.810766721044047,33.73702422145329,14.928425357873213,15.766738660907128,14.174757281553399
