model_type,model,Shoes-ACOSI,Shoes-ACOSI,Shoes-ACOSI
,,f1-score,precision,recall
MvP,MAIN,22.851153039832283,25.0,21.042471042471043
MvP,UNIFIED,22.198731501057086,24.53271028037383,20.27027027027027
GEN-SCL-NAT,GEN-SCL-NAT,21.29817444219067,22.435897435897438,20.27027027027027
GPT,3.5-KNN,15.594541910331387,15.748031496062993,15.444015444015443
GPT,3.5-RAND,12.723658051689862,13.114754098360656,12.355212355212355
GPT,4-KNN,17.910447761194032,18.480492813141684,17.374517374517374
GPT,4-RAND,14.01015228426396,14.775160599571734,13.320463320463322
