model_type,model,Shoes-ACOSI,Shoes-ACOSI,Shoes-ACOSI
,,f1-score,precision,recall
MvP,MAIN,24.10901467505241,26.376146788990823,22.2007722007722
MvP,UNIFIED,23.890063424947147,26.401869158878505,21.814671814671815
GEN-SCL-NAT,GEN-SCL-NAT,22.718052738336713,23.931623931623932,21.62162162162162
GPT,3.5-KNN,16.95906432748538,17.125984251968504,16.795366795366796
GPT,3.5-RAND,13.916500994035786,14.344262295081966,13.513513513513514
GPT,4-KNN,19.1044776119403,19.71252566735113,18.53281853281853
GPT,4-RAND,15.634517766497463,16.488222698072803,14.864864864864865
