model_type,model,Shoes-ACOSI,Shoes-ACOSI,Shoes-ACOSI
,,f1-score,precision,recall
MvP,MAIN,17.154811715481173,18.72146118721461,15.83011583011583
MvP,UNIFIED,18.816067653276956,20.794392523364486,17.18146718146718
GEN-SCL-NAT,GEN-SCL-NAT,16.22718052738337,17.094017094017094,15.444015444015443
GPT,3.5-KNN,11.695906432748536,11.811023622047244,11.583011583011583
GPT,3.5-RAND,10.139165009940356,10.450819672131148,9.845559845559846
GPT,4-KNN,14.328358208955223,14.784394250513348,13.8996138996139
GPT,4-RAND,11.573604060913706,12.205567451820128,11.003861003861005
