model_type,model,Restaurant-ACOS,Restaurant-ACOS,Restaurant-ACOS,Laptop-ACOS,Laptop-ACOS,Laptop-ACOS,Shoes-ACOS,Shoes-ACOS,Shoes-ACOS
,,f1-score,precision,recall,f1-score,precision,recall,f1-score,precision,recall
MvP,MAIN,68.44602609727166,69.26770708283313,67.64361078546307,49.37560038424592,49.32821497120921,49.42307692307693,49.187432286023835,51.82648401826484,46.8041237113402
MvP,UNIFIED,68.51088875809299,68.79432624113475,68.2297772567409,47.482014388489205,47.368421052631575,47.59615384615385,48.602150537634415,50.78651685393258,46.597938144329895
GEN-SCL-NAT,GEN-SCL-NAT,73.22599880739416,74.51456310679612,71.98124267291911,50.90909090909091,50.66666666666667,51.153846153846146,49.681528662420384,51.203501094091905,48.24742268041237
GPT,3.5-KNN,56.84210526315788,53.88655462184874,60.14067995310668,39.151568714096335,36.22240392477514,42.59615384615385,38.03418803418804,39.467849223946786,36.70103092783505
GPT,3.5-RAND,48.052660449808,45.154639175257735,51.34818288393904,28.33333333333334,26.048387096774196,31.057692307692307,35.869565217391305,37.93103448275862,34.02061855670103
GPT,4-KNN,65.78947368421052,64.24581005586593,67.40914419695193,46.03534209333937,43.53041988003427,48.84615384615385,45.7204767063922,48.17351598173516,43.50515463917526
GPT,4-RAND,57.71889400921659,56.73839184597962,58.73388042203986,36.4797081623347,34.69210754553339,38.46153846153847,39.511653718091004,42.78846153846153,36.70103092783505
