model_type,model,Exact,Exact,Exact,Aspect,Aspect,Aspect,Aspect,Aspect,Aspect,Category,Category,Category,Sentiment,Sentiment,Sentiment,Opinion,Opinion,Opinion,Opinion,Opinion,Opinion
,,f1-score,precision,recall,f1-score,precision,recall,span f1-score,span precision,span recall,f1-score,precision,recall,f1-score,precision,recall,f1-score,precision,recall,span f1-score,span precision,span recall
MvP,MAIN,44.5124617402711,45.00442086648983,44.03114186851211,83.26572008113591,83.86108273748724,82.67875125881167,86.351606805293,86.44965934897805,86.25377643504531,61.21827411167513,61.40529531568228,61.03238866396761,90.05847953216376,89.74358974358975,90.3755868544601,87.49414519906324,86.96461824953445,88.03016022620169,87.46150461944566,87.26953467954345,87.65432098765432
MvP,UNIFIED,44.47345517841602,44.74605954465849,44.20415224913495,83.23232323232324,83.48530901722391,82.98086606243706,85.85476550680788,85.98484848484848,85.72507552870091,61.12789526686808,60.82164328657315,61.43724696356275,90.5771495877503,90.89834515366431,90.25821596244131,86.56716417910447,85.68790397045245,87.46465598491989,86.65797479356802,85.43273350471294,87.91887125220458
GEN_SCL_NAT,GEN_SCL_NAT,46.17402710975077,46.684350132625994,45.674740484429066,83.59573387506349,84.32377049180327,82.88016112789526,86.2656072644722,86.42911296436695,86.10271903323263,62.67002518891687,62.38716148445336,62.955465587044536,90.26239067055394,89.68713789107764,90.84507042253522,87.6699484294421,87.22014925373134,88.124410933082,87.78558875219684,87.47810858143608,88.09523809523809
GPT,GPT-3.5,29.230769230769226,27.473363774733638,31.228373702422147,72.5897920604915,68.38824577025824,77.34138972809667,76.5389876880985,69.9375,84.5166163141994,54.04376784015225,50.987432675044886,57.48987854251012,88.59447004608296,86.99095022624435,90.25821596244131,65.81497797356828,61.78660049627791,70.4052780395853,60.20995597697257,48.87300714678395,78.39506172839506
GPT,GPT-4,35.22012578616353,34.17412530512612,36.332179930795846,77.79904306220095,74.11121239744757,81.87311178247734,79.86254295532646,73.26607818411097,87.7643504531722,58.48965848965849,55.72868927589367,61.53846153846154,91.04563835932987,89.64732650739477,92.48826291079813,70.29250457038391,68.23425022182786,72.47879359095192,67.28693710457759,58.20991629104958,79.71781305114638
