model_type,model,Exact (Only Indirect Opinion),Exact (Only Indirect Opinion),Exact (Only Indirect Opinion),Indirect Opinion,Indirect Opinion,Indirect Opinion,Exact (Only Direct Opinion),Exact (Only Direct Opinion),Exact (Only Direct Opinion),Direct Opinion,Direct Opinion,Direct Opinion,Direct Opinion,Direct Opinion,Direct Opinion
,,f1-score,precision,recall,f1-score,precision,recall,f1-score,precision,recall,f1-score,precision,recall,span f1-score,span precision,span recall
MvP,MAIN,33.931868956170035,36.17907702850953,31.94968553459119,85.15829054895383,89.71014609552302,81.04895104895105,47.688295503806835,47.34028944152989,48.042959427207634,88.17563003238486,86.01261241809962,90.45161290322581,88.41298874467934,86.72943014921216,90.16509433962264
MvP,UNIFIED,33.35832635274576,34.754859931899496,32.075471698113205,84.72100241775908,87.21482737210248,82.37762237762237,47.86920825182254,47.53413232266787,48.21002386634845,87.93236875401374,86.06487202852564,89.88387096774193,88.10318891908018,86.32973908424614,89.95283018867926
GEN-SCL-NAT,GEN-SCL-NAT,32.733224222585925,34.129692832764505,31.446540880503143,85.50983899821108,87.54578754578755,83.56643356643356,51.07398568019092,51.07398568019092,51.07398568019092,88.43710292249047,87.10888610763455,89.80645161290323,88.0093131548312,86.89655172413792,89.15094339622641
GPT,3.5-KNN,17.543859649122805,23.076923076923077,14.150943396226415,58.61297539149888,81.36645962732919,45.8041958041958,32.29432805314257,28.239499553172475,37.70883054892602,67.58091058694458,58.778625954198475,79.48387096774194,59.51336258476266,44.96684749849307,87.97169811320755
GPT,3.5-KNN-906,16.92913385826772,22.63157894736842,13.522012578616351,54.46224256292906,78.80794701986756,41.60839160839161,31.21149897330595,27.387387387387385,36.27684964200477,66.66666666666666,57.95996186844614,78.45161290322581,58.71271585557301,44.0,88.20754716981132
GPT,4-KNN,26.570915619389584,30.962343096234306,23.270440251572328,64.21267893660531,77.33990147783251,54.89510489510489,37.85557986870897,34.94949494949495,41.288782816229116,72.0423778693349,66.23376623376623,78.96774193548387,67.60691537761602,55.03703703703704,87.61792452830188
GPT,4-KNN-906,27.47252747252747,32.89473684210527,23.58490566037736,64.31535269709543,79.08163265306123,54.1958041958042,34.31372549019608,31.563126252505008,37.58949880668258,67.91569086651053,62.165058949624864,74.83870967741936,65.0814619110524,51.93253689388616,87.14622641509435
