model_type,model,Exact (Only Indirect Opinion),Exact (Only Indirect Opinion),Exact (Only Indirect Opinion),Indirect Opinion,Indirect Opinion,Indirect Opinion
,,f1-score,precision,recall,f1-score,precision,recall
GPT,3.5-KNN-906,14.214053582111273,19.599813142323264,11.163522012578616,50.43686290825879,76.14639775235801,37.76223776223776
GPT,3.5-RAND-906,3.6878125264852955,6.906973315642046,2.515723270440252,33.67960331311117,68.07065217391305,22.377622377622377
GPT,4-KNN-906,21.514041514041512,29.70494417862839,17.29559748427673,55.23459942547079,79.28440607012035,43.35664335664336
GPT,4-RAND-906,7.61562694164968,13.81555944055944,5.345911949685535,30.83263246425568,62.903225806451616,20.97902097902098
