model_type,model,Aspect-Category-Sentiment,Aspect-Category-Sentiment,Aspect-Category-Sentiment,Aspect-Category-Opinion,Aspect-Category-Opinion,Aspect-Category-Opinion,Aspect-Sentiment-Opinion,Aspect-Sentiment-Opinion,Aspect-Sentiment-Opinion,Category-Sentiment-Opinion,Category-Sentiment-Opinion,Category-Sentiment-Opinion,Aspect-Opinion,Aspect-Opinion,Aspect-Opinion,Aspect-Sentiment,Aspect-Sentiment,Aspect-Sentiment
,,f1-score,precision,recall,f1-score,precision,recall,f1-score,precision,recall,f1-score,precision,recall,f1-score,precision,recall,f1-score,precision,recall
MvP,MAIN,49.37560038424592,49.32821497120921,49.42307692307693,47.4857892435505,48.01061007957559,46.97231833910035,68.85964912280701,69.53055801594331,68.2015638575152,50.60783430886988,50.67628494138864,50.53956834532374,73.54102676612548,74.2249778565102,72.86956521739131,76.0,76.45875251509054,75.54671968190854
MvP,UNIFIED,50.0,49.80916030534351,50.19230769230769,47.08442123585727,47.37302977232925,46.79930795847751,68.23940585408475,68.62917398945518,67.85403996524761,50.35842293906809,50.17857142857143,50.53956834532374,72.20279720279721,72.58347978910369,71.82608695652173,76.70822942643392,76.97697697697697,76.441351888668
GEN_SCL_NAT,GEN_SCL_NAT,50.90909090909091,50.66666666666667,51.153846153846146,49.234805421950156,49.778956675508404,48.702422145328725,69.06537955243527,69.76950354609929,68.375325803649,52.25225225225225,52.34657039711191,52.15827338129496,74.01229148375769,74.7340425531915,73.30434782608695,76.7616191904048,77.1859296482412,76.34194831013916
GPT,GPT-3.5,39.151568714096335,36.22240392477514,42.59615384615385,30.60728744939271,28.767123287671232,32.69896193771626,47.3170731707317,44.46142093200917,50.56472632493484,35.95789473684211,33.808392715756135,38.39928057553957,50.0203334688898,46.98242933537051,53.47826086956522,65.52044609665427,61.518324607329845,70.07952286282307
GPT,GPT-4,46.03534209333937,43.53041988003427,48.84615384615385,36.897274633123686,35.80146460537022,38.062283737024224,52.374947456914676,50.732899022801305,54.12684622067767,41.61598609904431,40.252100840336134,43.07553956834532,55.42472666105972,53.66449511400651,57.30434782608695,71.72478793590955,68.1899641577061,75.64612326043738
