model_type,model,Restaurant-ACOS,Restaurant-ACOS,Restaurant-ACOS,Laptop-ACOS,Laptop-ACOS,Laptop-ACOS,Shoes-ACOS,Shoes-ACOS,Shoes-ACOS
,,f1-score,precision,recall,f1-score,precision,recall,f1-score,precision,recall
MvP,MAIN,70.06155567991047,70.2581369248036,69.86607142857143,73.54102676612548,74.2249778565102,72.86956521739131,30.805134189031502,31.20567375886525,30.414746543778804
MvP,UNIFIED,71.15812917594656,71.0,71.31696428571429,73.14936487078405,73.6981465136805,72.60869565217392,32.273262661955236,33.01204819277108,31.566820276497698
GEN-SCL-NAT,GEN-SCL-NAT,72.23476297968396,73.0593607305936,71.42857142857143,74.01229148375769,74.7340425531915,73.30434782608695,32.126696832579185,31.555555555555554,32.71889400921659
GPT,3.5-KNN,54.45026178010471,51.28205128205128,58.03571428571429,50.0203334688898,46.98242933537051,53.47826086956522,17.841409691629956,17.088607594936708,18.663594470046082
GPT,3.5-RAND,45.27337761880429,41.75306314797361,49.441964285714285,37.32904263877715,34.73053892215569,40.34782608695652,17.14922048997773,16.594827586206897,17.741935483870968
GPT,4-KNN,59.1594827586207,57.1875,61.27232142857143,55.42472666105972,53.66449511400651,57.30434782608695,24.48979591836735,24.107142857142858,24.88479262672811
GPT,4-RAND,50.10869565217391,48.83474576271186,51.45089285714286,39.74576271186441,38.760330578512395,40.78260869565217,20.625724217844727,20.745920745920746,20.506912442396313
