model_type,model,Shoes-ACOSI,Shoes-ACOSI,Shoes-ACOSI
,,f1-score,precision,recall
MvP,MAIN,18.658280922431864,20.412844036697248,17.18146718146718
MvP,UNIFIED,19.23890063424947,21.261682242990652,17.56756756756757
GEN-SCL-NAT,GEN-SCL-NAT,17.107942973523425,18.103448275862068,16.216216216216218
GPT,3.5-KNN,14.090019569471623,14.285714285714285,13.8996138996139
GPT,3.5-RAND,13.346613545816732,13.786008230452676,12.934362934362934
GPT,4-KNN,16.33466135458167,16.872427983539097,15.83011583011583
GPT,4-RAND,14.82233502538071,15.631691648822269,14.092664092664092
