model_type,model,Shoes-ACOSI,Shoes-ACOSI,Shoes-ACOSI
,,f1-score,precision,recall
MvP,MAIN,22.02247191011236,23.167848699763592,20.985010706638114
MvP,UNIFIED,24.03628117913832,25.542168674698797,22.698072805139187
GEN-SCL-NAT,GEN-SCL-NAT,22.562979189485212,23.094170403587444,22.055674518201286
GPT,3.5-KNN,14.300518134715027,13.855421686746988,14.775160599571734
GPT,3.5-RAND,15.026455026455027,14.853556485355648,15.203426124197003
GPT,4-KNN,18.53035143769968,18.43220338983051,18.629550321199144
GPT,4-RAND,16.989247311827956,17.062634989200866,16.916488222698074
