model_type,model,Exact (Only Indirect Opinion),Exact (Only Indirect Opinion),Exact (Only Indirect Opinion),Indirect Opinion,Indirect Opinion,Indirect Opinion,Exact (Only Direct Opinion),Exact (Only Direct Opinion),Exact (Only Direct Opinion),Direct Opinion,Direct Opinion,Direct Opinion,Direct Opinion,Direct Opinion,Direct Opinion
,,f1-score,precision,recall,f1-score,precision,recall,f1-score,precision,recall,f1-score,precision,recall,span f1-score,span precision,span recall
MvP,MAIN,16.07249352373804,18.130724177784675,14.482758620689657,62.381632432606466,67.89293868699606,57.8082191780822,21.001038406214747,22.53881887404739,19.675675675675677,34.21778017251437,35.1300489484503,33.374233128834355,57.460909666646856,58.479527156096424,56.569579288025885
MvP,UNIFIED,14.842878104067273,14.964951034296615,14.758620689655174,66.59337757204314,66.91140515142897,66.3013698630137,21.12442248164475,23.261031320876253,19.35135135135135,32.87365813926582,34.79447573838753,31.16564417177914,55.5433853148824,59.17224287636318,52.36245954692557
GEN-SCL-NAT,GEN-SCL-NAT,13.043478260869565,13.740458015267176,12.413793103448276,64.86486486486486,64.0,65.75342465753424,21.36986301369863,21.666666666666668,21.08108108108108,33.633633633633636,32.94117647058823,34.355828220858896,58.7256176853056,56.70517327975892,60.89536138079828
GPT,3.5-KNN,3.2786885245901636,7.894736842105263,2.0689655172413794,32.98969072164948,66.66666666666666,21.91780821917808,12.817412333736398,11.597374179431071,14.324324324324325,25.62091503267973,22.323462414578586,30.061349693251532,62.624854819976775,54.997960016319865,72.70765911542611
GPT,3.5-KNN-906,4.371584699453552,10.526315789473683,2.7586206896551726,35.05154639175258,70.83333333333334,23.28767123287671,12.636695018226,11.479028697571744,14.054054054054054,24.836601307189543,21.64009111617312,29.141104294478527,62.63244643277608,55.578771416631845,71.73678532901833
GPT,4-KNN,8.536585365853657,36.84210526315789,4.827586206896552,17.073170731707314,77.77777777777779,9.58904109589041,17.6039119804401,16.071428571428573,19.45945945945946,33.2892998678996,29.23433874709977,38.65030674846626,64.47831184056271,57.030277892990455,74.16396979503776
GPT,4-KNN-906,4.8192771084337345,19.047619047619047,2.7586206896551726,19.047619047619047,72.72727272727273,10.95890410958904,16.995073891625616,15.610859728506787,18.64864864864865,32.93492695883134,29.039812646370024,38.036809815950924,63.359319631467045,56.36822194199244,72.33009708737865
