model_type,model,Exact (Only Indirect Opinion),Exact (Only Indirect Opinion),Exact (Only Indirect Opinion),Indirect Opinion,Indirect Opinion,Indirect Opinion
,,f1-score,precision,recall,f1-score,precision,recall
GPT,3.5-KNN-906,2.744451567603871,6.733746130030959,1.7241379310344829,32.109106529209626,65.85144927536233,21.232876712328768
GPT,3.5-RAND-906,2.8263528478397406,7.965686274509803,1.7241379310344829,24.242794333170494,62.33552631578947,15.06849315068493
GPT,4-KNN-906,3.675461339026994,17.216117216117215,2.0689655172413794,13.321277878239904,61.36363636363637,7.534246575342465
GPT,4-RAND-906,1.2048192771084336,4.761904761904762,0.6896551724137931,11.038961038961038,64.77272727272727,6.1643835616438345
