model_type,model,Aspect-Category-Sentiment,Aspect-Category-Sentiment,Aspect-Category-Sentiment,Aspect-Category-Opinion,Aspect-Category-Opinion,Aspect-Category-Opinion,Aspect-Sentiment-Opinion,Aspect-Sentiment-Opinion,Aspect-Sentiment-Opinion,Category-Sentiment-Opinion,Category-Sentiment-Opinion,Category-Sentiment-Opinion,Aspect-Opinion,Aspect-Opinion,Aspect-Opinion,Aspect-Sentiment,Aspect-Sentiment,Aspect-Sentiment
,,f1-score,precision,recall,f1-score,precision,recall,f1-score,precision,recall,f1-score,precision,recall,f1-score,precision,recall,f1-score,precision,recall
MvP,MAIN,49.187432286023835,51.82648401826484,46.8041237113402,20.76053442959918,22.05240174672489,19.611650485436893,27.531285551763368,28.009259259259263,27.069351230425053,22.708333333333332,24.276169265033406,21.330724070450096,30.805134189031502,31.20567375886525,30.414746543778804,69.84615384615384,74.18300653594771,65.98837209302324
MvP,UNIFIED,48.602150537634415,50.78651685393258,46.597938144329895,20.54933875890132,21.581196581196583,19.611650485436893,28.929384965831435,29.466357308584683,28.41163310961969,24.329896907216494,25.70806100217865,23.09197651663405,32.273262661955236,33.01204819277108,31.566820276497698,69.78851963746223,72.64150943396226,67.15116279069767
GEN_SCL_NAT,GEN_SCL_NAT,49.681528662420384,51.203501094091905,48.24742268041237,20.8955223880597,21.428571428571427,20.388349514563107,28.445424476295482,28.043478260869563,28.859060402684566,22.08835341365462,22.68041237113402,21.52641878669276,32.126696832579185,31.555555555555554,32.71889400921659,70.55306427503739,72.61538461538461,68.6046511627907
GPT,GPT-3.5,38.03418803418804,39.467849223946786,36.70103092783505,11.881188118811881,12.121212121212121,11.650485436893204,15.835140997830804,15.368421052631579,16.331096196868007,14.814814814814813,15.163934426229508,14.481409001956946,17.841409691629956,17.088607594936708,18.663594470046082,56.58682634730538,58.333333333333336,54.94186046511628
GPT,GPT-4,45.7204767063922,48.17351598173516,43.50515463917526,17.12538226299694,18.025751072961373,16.310679611650485,23.804226918798662,23.672566371681416,23.937360178970916,20.102564102564102,21.120689655172413,19.17808219178082,24.48979591836735,24.107142857142858,24.88479262672811,68.84272997032642,70.3030303030303,67.44186046511628
