model_type,model,Restaurant-ACOS,Restaurant-ACOS,Restaurant-ACOS,Laptop-ACOS,Laptop-ACOS,Laptop-ACOS,Shoes-ACOS,Shoes-ACOS,Shoes-ACOS
,,f1-score,precision,recall,f1-score,precision,recall,f1-score,precision,recall
MvP,MAIN,65.47285954113039,65.65656565656566,65.29017857142857,68.85964912280701,69.53055801594331,68.2015638575152,27.531285551763368,28.009259259259263,27.069351230425053
MvP,UNIFIED,66.55537006121314,66.37069922308547,66.74107142857143,68.47635726795096,69.02030008826125,67.9409209383145,28.929384965831435,29.466357308584683,28.41163310961969
GEN-SCL-NAT,GEN-SCL-NAT,68.2459108855048,68.98517673888256,67.52232142857143,69.06537955243527,69.76950354609929,68.375325803649,28.445424476295482,28.043478260869563,28.859060402684566
GPT,3.5-KNN,50.654107796964944,47.68472906403941,54.01785714285714,47.3170731707317,44.46142093200917,50.56472632493484,15.835140997830804,15.368421052631579,16.331096196868007
GPT,3.5-RAND,42.39019407558733,39.07721280602637,46.316964285714285,34.41897868918376,32.035928143712574,37.185056472632496,15.587266739846322,15.301724137931034,15.883668903803134
GPT,4-KNN,56.46551724137932,54.58333333333333,58.48214285714286,52.374947456914676,50.732899022801305,54.12684622067767,23.804226918798662,23.672566371681416,23.937360178970916
GPT,4-RAND,47.82608695652174,46.61016949152542,49.107142857142854,36.93350275307073,36.03305785123967,37.88010425716768,18.700114025085522,19.069767441860467,18.344519015659955
