model_type,model,Restaurant-ACOS,Restaurant-ACOS,Restaurant-ACOS,Laptop-ACOS,Laptop-ACOS,Laptop-ACOS,Shoes-ACOS,Shoes-ACOS,Shoes-ACOS
,,f1-score,precision,recall,f1-score,precision,recall,f1-score,precision,recall
MvP,MAIN,84.19802728544896,84.7815328254915,83.62397820163487,60.71709848749763,60.76671885246128,60.66801619433198,71.33982474322764,75.1819614341508,67.89473684210527
MvP,UNIFIED,82.59945511346771,83.13650309680801,82.0708446866485,60.614931949010746,60.28265202091499,60.95141700404859,72.34383661118116,75.25550554414858,69.66507177033493
GEN-SCL-NAT,GEN-SCL-NAT,86.53846153846153,87.25761772853186,85.83106267029973,62.67002518891687,62.38716148445336,62.955465587044536,72.24242424242425,73.21867321867322,71.29186602870813
GPT,3.5-KNN,77.50819672131146,74.71554993678888,80.51771117166211,54.04376784015225,50.987432675044886,57.48987854251012,68.60759493670886,72.84946236559139,64.83253588516746
GPT,3.5-KNN-906,76.71052631578948,74.17302798982189,79.42779291553134,53.941120607787276,50.80500894454383,57.48987854251012,68.86912325285897,73.44173441734418,64.83253588516746
GPT,4-KNN,82.5016633399867,80.62418725617685,84.46866485013625,58.48965848965849,55.72868927589367,61.53846153846154,71.5527950310559,74.4186046511628,68.89952153110048
GPT,4-KNN-906,82.05804749340369,79.53964194373401,84.74114441416893,57.899807321772634,55.23897058823529,60.82995951417004,72.06982543640899,75.26041666666666,69.13875598086125
