model_type,model,Restaurant-ACOS,Restaurant-ACOS,Restaurant-ACOS,Laptop-ACOS,Laptop-ACOS,Laptop-ACOS,Shoes-ACOS,Shoes-ACOS,Shoes-ACOS
,,f1-score,precision,recall,f1-score,precision,recall,f1-score,precision,recall
MvP,MAIN,83.54948805460751,83.72093023255815,83.37874659400545,61.21827411167513,61.40529531568228,61.03238866396761,71.007371007371,72.97979797979798,69.13875598086125
MvP,UNIFIED,83.1858407079646,83.12925170068027,83.2425068119891,59.2741935483871,59.036144578313255,59.51417004048582,72.30392156862744,74.12060301507537,70.57416267942584
GEN-SCL-NAT,GEN-SCL-NAT,86.53846153846153,87.25761772853186,85.83106267029973,62.67002518891687,62.38716148445336,62.955465587044536,72.24242424242425,73.21867321867322,71.29186602870813
GPT,3.5-KNN,77.50819672131146,74.71554993678888,80.51771117166211,54.04376784015225,50.987432675044886,57.48987854251012,68.60759493670886,72.84946236559139,64.83253588516746
GPT,3.5-RAND,71.31681877444589,68.375,74.52316076294278,40.15080113100848,37.56613756613756,43.117408906882595,64.67532467532467,70.73863636363636,59.569377990430624
GPT,4-KNN,82.5016633399867,80.62418725617685,84.46866485013625,58.48965848965849,55.72868927589367,61.53846153846154,71.5527950310559,74.4186046511628,68.89952153110048
GPT,4-RAND,75.89403973509934,73.84020618556701,78.06539509536785,49.78375780874579,47.392497712717294,52.42914979757085,68.29896907216495,74.02234636871509,63.397129186602875
