model_type,model,Shoes-ACOS,Shoes-ACOS,Shoes-ACOS,Shoes-ACOS,Shoes-ACOS,Shoes-ACOS
,,f1-score,precision,recall,span f1-score,span precision,span recall
GPT,3.5-KNN,10.731707317073171,13.750000000000002,8.799999999999999,28.284671532846716,58.71212121212122,18.629807692307693
GPT,3.5-KNN-906,10.731707317073171,13.750000000000002,8.799999999999999,26.617375231053604,57.599999999999994,17.307692307692307
GPT,3.5-RAND,7.960199004975125,10.526315789473683,6.4,22.602089268755936,53.84615384615385,14.302884615384615
GPT,3.5-RAND-906,10.83743842364532,14.102564102564102,8.799999999999999,27.522935779816514,58.139534883720934,18.028846153846153
GPT,4-KNN,35.744680851063826,38.18181818181819,33.6,61.56888595912986,68.17518248175183,56.129807692307686
GPT,4-KNN-906,35.44303797468354,37.5,33.6,66.95174098961515,68.07453416149069,65.86538461538461
GPT,4-RAND,34.45378151260504,36.283185840707965,32.800000000000004,60.53639846743295,64.57765667574932,56.97115384615385
GPT,4-RAND-906,40.48582995951418,40.98360655737705,40.0,67.87172011661806,65.91166477916195,69.95192307692307
