model_type,model,Restaurant-ACOS,Restaurant-ACOS,Restaurant-ACOS,Laptop-ACOS,Laptop-ACOS,Laptop-ACOS,Shoes-ACOS,Shoes-ACOS,Shoes-ACOS
,,f1-score,precision,recall,f1-score,precision,recall,f1-score,precision,recall
MvP,MAIN,64.90299823633158,64.56140350877193,65.24822695035462,50.60783430886988,50.67628494138864,50.53956834532374,22.708333333333332,24.276169265033406,21.330724070450096
MvP,UNIFIED,65.7293497363796,65.1567944250871,66.31205673758865,48.830935251798564,48.830935251798564,48.830935251798564,24.329896907216494,25.70806100217865,23.09197651663405
GEN-SCL-NAT,GEN-SCL-NAT,68.09015421115065,68.33333333333333,67.84869976359337,52.25225225225225,52.34657039711191,52.15827338129496,22.08835341365462,22.68041237113402,21.52641878669276
GPT,3.5-KNN,48.88392857142858,46.30021141649049,51.77304964539007,35.95789473684211,33.808392715756135,38.39928057553957,14.814814814814813,15.163934426229508,14.481409001956946
GPT,3.5-RAND,40.63353358820317,37.766497461928935,43.97163120567376,21.608247422680414,19.954303122619955,23.561151079136692,14.708886618998978,15.384615384615385,14.090019569471623
GPT,4-KNN,56.83247570040023,55.03875968992248,58.74704491725768,41.61598609904431,40.252100840336134,43.07553956834532,20.102564102564102,21.120689655172413,19.17808219178082
GPT,4-RAND,46.662863662293205,45.09371554575524,48.3451536643026,26.452732003469215,25.54438860971524,27.428057553956837,18.41269841269841,20.046082949308754,17.025440313111545
