model_type,model,Shoes-ACOSI,Shoes-ACOSI,Shoes-ACOSI,Shoes-ACOSI,Shoes-ACOSI,Shoes-ACOSI
,,f1-score,precision,recall,span f1-score,span precision,span recall
MvP,MAIN,40.32444959443801,42.13075060532688,38.666666666666664,78.28244274809161,76.58700522778193,80.05464480874316
MvP,UNIFIED,40.88785046728972,43.103448275862064,38.88888888888889,77.46204748929544,77.25155279503106,77.67369242779078
GEN_SCL_NAT,GEN_SCL_NAT,43.71460928652321,44.57274826789838,42.888888888888886,78.70967741935485,76.58788774002954,80.95238095238095
GPT,GPT-3.5,32.587859424920126,31.28834355828221,34.0,76.30988023952096,73.29259525521208,79.58626073380172
GPT,GPT-4,35.1912568306011,34.623655913978496,35.77777777777777,78.56603773584905,76.0409057706355,81.26463700234193
