model_type,model,Shoes-ACOSI,Shoes-ACOSI,Shoes-ACOSI,Shoes-ACOSI,Shoes-ACOSI,Shoes-ACOSI
,,f1-score,precision,recall,span f1-score,span precision,span recall
MvP,MAIN,40.77547702992366,42.536758324528186,39.15555555555555,78.14501318908992,76.66404788563266,79.69555035128806
MvP,UNIFIED,40.98317261142237,42.942145212122696,39.2,77.67147390651178,76.51538149908359,78.88368462138953
GEN-SCL-NAT,GEN-SCL-NAT,43.71460928652321,44.57274826789838,42.888888888888886,78.70967741935485,76.58788774002954,80.95238095238095
GPT,3.5-KNN,32.587859424920126,31.28834355828221,34.0,76.30988023952096,73.29259525521208,79.58626073380172
GPT,3.5-KNN-906,33.440514469453376,32.298136645962735,34.66666666666667,76.51754223129757,72.95575221238938,80.44496487119439
GPT,4-KNN,35.1912568306011,34.623655913978496,35.77777777777777,78.56603773584905,76.0409057706355,81.26463700234193
GPT,4-KNN-906,34.89640130861505,34.26124197002141,35.55555555555556,77.84749952462444,75.89914720059325,79.89851678376269
