model_type,model,Shoes-ACOSI,Shoes-ACOSI,Shoes-ACOSI
,,f1-score,precision,recall
MvP,MAIN,25.658648339060708,26.923076923076923,24.50765864332604
MvP,UNIFIED,27.546296296296298,29.238329238329236,26.039387308533918
GEN-SCL-NAT,GEN-SCL-NAT,27.160493827160494,27.880184331797235,26.477024070021884
GPT,3.5-KNN,20.042194092827003,19.34826883910387,20.787746170678336
GPT,3.5-RAND,20.0,19.661733615221987,20.350109409190374
GPT,4-KNN,22.486486486486484,22.22222222222222,22.75711159737418
GPT,4-RAND,24.18300653594771,24.07809110629067,24.288840262582056
