model_type,model,Exact (Only Indirect Opinion),Exact (Only Indirect Opinion),Exact (Only Indirect Opinion),Indirect Opinion,Indirect Opinion,Indirect Opinion,Indirect Opinion,Indirect Opinion,Indirect Opinion
,,f1-score,precision,recall,f1-score,precision,recall,span f1-score,span precision,span recall
GPT,3.5-KNN-906,2.4069845965848797,2.9718914698418897,2.027027027027027,6.751106738809641,7.739718555688883,6.0,23.914231913988946,26.021211634260005,22.235576923076923
GPT,3.5-RAND-906,0.45454545454545453,0.6944444444444444,0.33783783783783783,5.9723160872068295,7.944763271162124,4.800000000000001,22.098905637001856,26.755189255189258,18.990384615384617
GPT,4-KNN-906,2.997020925307778,4.159013382314353,2.364864864864865,5.31841255191509,6.798245614035087,4.4,22.420796595203157,24.04136473429952,21.27403846153846
GPT,4-RAND-906,2.6969696969696972,4.0313852813852815,2.027027027027027,7.577288341079006,10.289006767880007,6.0,24.96599251880427,28.267051351239154,22.355769230769234
