model_type,model,Shoes-ACOSI,Shoes-ACOSI,Shoes-ACOSI
,,f1-score,precision,recall
MvP,MAIN,36.10503282275711,39.568345323741006,33.199195171026155
MvP,UNIFIED,36.88254665203073,40.57971014492754,33.80281690140845
GEN-SCL-NAT,GEN-SCL-NAT,33.54564755838641,35.50561797752809,31.790744466800803
GPT,3.5-KNN,29.237288135593214,30.87248322147651,27.76659959758551
GPT,3.5-RAND,25.31645569620253,26.607538802660752,24.14486921529175
GPT,4-KNN,34.72803347280335,36.165577342047925,33.400402414486926
GPT,4-RAND,30.063965884861403,31.97278911564626,28.37022132796781
