model_type,model,Shoes-ACOSI,Shoes-ACOSI,Shoes-ACOSI
,,f1-score,precision,recall
MvP,MAIN,50.000000000000014,54.50121654501216,46.18556701030928
MvP,UNIFIED,48.98876404494382,53.827160493827165,44.948453608247426
GEN-SCL-NAT,GEN-SCL-NAT,46.20390455531453,48.74141876430206,43.91752577319588
GPT,3.5-KNN,39.30510314875136,41.51376146788991,37.31958762886598
GPT,3.5-RAND,34.78260869565218,36.7816091954023,32.98969072164948
GPT,4-KNN,46.53148345784419,48.23008849557522,44.948453608247426
GPT,4-RAND,40.52287581699346,42.956120092378754,38.35051546391753
