model_type,model,Shoes-ACOS,Shoes-ACOS,Shoes-ACOS,Shoes-ACOS,Shoes-ACOS,Shoes-ACOS
,,f1-score,precision,recall,span f1-score,span precision,span recall
GPT,3.5,78.73831775700934,83.00492610837439,74.8888888888889,85.50537634408603,95.21072796934867,77.59562841530054
GPT,4,83.06997742663657,84.40366972477065,81.77777777777779,90.29687188683005,92.22629222629223,88.44652615144419
