model_type,model,Shoes-ACOSI,Shoes-ACOSI,Shoes-ACOSI
,,f1-score,precision,recall
MvP,MAIN,26.260504201680668,28.80184331797235,24.13127413127413
MvP,UNIFIED,25.581395348837212,28.27102803738318,23.35907335907336
GEN-SCL-NAT,GEN-SCL-NAT,24.84725050916497,26.29310344827586,23.552123552123554
GPT,3.5-KNN,20.56807051909892,20.87475149105368,20.27027027027027
GPT,3.5-RAND,17.729083665338646,18.31275720164609,17.18146718146718
GPT,4-KNN,23.107569721115535,23.868312757201647,22.393822393822393
GPT,4-RAND,20.32520325203252,21.45922746781116,19.305019305019304
