model_type,model,Shoes-ACOSI,Shoes-ACOSI,Shoes-ACOSI
,,f1-score,precision,recall
MvP,MAIN,31.08108108108108,32.779097387173394,29.550321199143468
MvP,UNIFIED,31.29251700680272,33.25301204819277,29.550321199143468
GEN-SCL-NAT,GEN-SCL-NAT,32.420591456736034,33.18385650224215,31.69164882226981
GPT,3.5-KNN,21.347150259067355,20.682730923694777,22.055674518201286
GPT,3.5-RAND,19.894179894179896,19.665271966527197,20.12847965738758
GPT,4-KNN,25.613660618996796,25.53191489361702,25.69593147751606
GPT,4-RAND,23.225806451612904,23.326133909287257,23.126338329764454
