model_type,model,Restaurant-ACOS,Restaurant-ACOS,Restaurant-ACOS,Laptop-ACOS,Laptop-ACOS,Laptop-ACOS,Shoes-ACOS,Shoes-ACOS,Shoes-ACOS
,,f1-score,precision,recall,f1-score,precision,recall,f1-score,precision,recall
MvP,MAIN,63.576158940397356,64.28571428571429,62.882096069869,47.4857892435505,48.01061007957559,46.97231833910035,20.76053442959918,22.05240174672489,19.611650485436893
MvP,UNIFIED,63.48684210526315,63.76651982378855,63.20960698689956,45.656918376254914,46.079295154185026,45.24221453287197,20.54933875890132,21.581196581196583,19.611650485436893
GEN-SCL-NAT,GEN-SCL-NAT,66.0377358490566,67.15575620767494,64.95633187772926,49.234805421950156,49.778956675508404,48.702422145328725,20.8955223880597,21.428571428571427,20.388349514563107
GPT,3.5-KNN,46.7733608673206,44.36826640548482,49.454148471615724,30.60728744939271,28.767123287671232,32.69896193771626,11.881188118811881,12.121212121212121,11.650485436893204
GPT,3.5-RAND,33.38376197680282,31.021555763823805,36.135371179039296,17.724550898203592,16.456634544106745,19.20415224913495,11.336032388663968,11.839323467230443,10.87378640776699
GPT,4-KNN,53.063399041022905,51.821019771071796,54.366812227074234,36.897274633123686,35.80146460537022,38.062283737024224,17.12538226299694,18.025751072961373,16.310679611650485
GPT,4-RAND,41.39784946236559,40.78389830508475,42.03056768558952,22.20346137610806,21.681780708985983,22.750865051903112,14.090431125131442,15.36697247706422,13.009708737864079
