model_type,model,Exact (Only Indirect Opinion),Exact (Only Indirect Opinion),Exact (Only Indirect Opinion),Indirect Opinion,Indirect Opinion,Indirect Opinion
,,f1-score,precision,recall,f1-score,precision,recall
GPT,3.5-KNN-906,23.33248123005842,29.755038759689924,19.191919191919194,50.57460822166705,69.87854251012146,39.63414634146341
GPT,3.5-RAND-906,13.875711319800777,19.25779534475187,10.85858585858586,35.585653753026634,62.083333333333336,25.0
GPT,4-KNN-906,33.04510209881053,44.68339307048984,26.262626262626263,52.10995030587309,77.46242521523419,39.329268292682926
GPT,4-RAND-906,8.847193563350768,21.01075268817204,5.808080808080808,29.91564863292612,77.42165242165242,18.902439024390244
