model_type,model,Exact,Exact,Exact,Aspect,Aspect,Aspect,Aspect,Aspect,Aspect,Category,Category,Category,Sentiment,Sentiment,Sentiment,Opinion,Opinion,Opinion,Opinion,Opinion,Opinion
,,f1-score,precision,recall,f1-score,precision,recall,span f1-score,span precision,span recall,f1-score,precision,recall,f1-score,precision,recall,f1-score,precision,recall,span f1-score,span precision,span recall
MvP,MAIN,59.49227373068432,60.15625,58.842794759825324,83.875,84.40251572327044,83.35403726708076,85.40387340576288,86.25954198473282,84.56501403180543,83.54948805460751,83.72093023255815,83.37874659400545,90.4153354632588,90.12738853503186,90.7051282051282,81.64014687882498,80.55555555555556,82.75434243176178,81.00588550026751,78.9363920750782,83.1868131868132
MvP,UNIFIED,58.5792349726776,58.64332603938731,58.515283842794766,82.97213622291022,82.71604938271605,83.22981366459628,84.50442066077244,84.07407407407408,84.93919550982227,82.11103495544893,82.62068965517241,81.60762942779292,89.2772041302621,88.50393700787401,90.06410256410257,83.98058252427184,82.18527315914488,85.8560794044665,83.26133909287256,81.84713375796179,84.72527472527473
GEN_SCL_NAT,GEN_SCL_NAT,62.26415094339621,63.318284424379236,61.24454148471615,86.98931489629165,88.04071246819338,85.96273291925466,88.61480075901328,89.89412897016362,87.37137511693172,86.53846153846153,87.25761772853186,85.83106267029973,91.84,91.69329073482429,91.98717948717949,81.95302843016069,81.65024630541872,82.25806451612904,80.99621007038441,79.82924226254002,82.19780219780219
GPT,GPT-3.5,43.96284829721362,41.68297455968688,46.50655021834061,75.14654161781945,71.1431742508324,79.62732919254658,78.0053428317008,74.42650807136788,81.94574368568756,77.50819672131146,74.71554993678888,80.51771117166211,89.13385826771653,87.61609907120743,90.7051282051282,64.49738524113889,60.65573770491803,68.85856079404466,60.80000000000001,49.28327645051195,79.34065934065934
GPT,GPT-4,50.825785828449646,49.63579604578564,52.07423580786026,79.78468899521532,76.93194925028835,82.85714285714286,81.14233907524932,78.71591908531222,83.72310570626755,82.5016633399867,80.62418725617685,84.46866485013625,91.36577708006278,89.53846153846153,93.26923076923077,69.24910607866506,66.62844036697247,72.08436724565756,65.12249443207126,54.756554307116104,80.32967032967034
