model_type,model,Exact (Only Indirect Opinion),Exact (Only Indirect Opinion),Exact (Only Indirect Opinion),Indirect Opinion,Indirect Opinion,Indirect Opinion,Exact (Only Direct Opinion),Exact (Only Direct Opinion),Exact (Only Direct Opinion),Direct Opinion,Direct Opinion,Direct Opinion,Direct Opinion,Direct Opinion,Direct Opinion
,,f1-score,precision,recall,f1-score,precision,recall,f1-score,precision,recall,f1-score,precision,recall,span f1-score,span precision,span recall
MvP,MAIN,39.004816826269824,45.49507520956978,34.14141414141414,74.90215797581592,81.71817288238934,69.14634146341464,64.80576512542427,63.77084455857304,65.87743732590529,83.54776909985955,80.9757828324975,86.29283489096574,81.7205458970217,78.40277459758185,85.33512064343162
MvP,UNIFIED,39.596932368149425,42.79636907672723,36.86868686868687,76.8552435321894,78.32064700054146,75.48780487804878,64.84277550299183,64.0522925366084,65.65459610027855,85.28127749128882,82.97246124899185,87.72585669781931,83.69724260007244,82.50411233416145,84.93297587131367
GEN-SCL-NAT,GEN-SCL-NAT,43.84384384384384,54.074074074074076,36.868686868686865,71.42857142857143,80.76923076923077,64.02439024390245,66.43975493533016,64.98002663115847,67.96657381615599,84.29003021148037,81.81818181818183,86.91588785046729,82.23938223938224,79.08415841584159,85.656836461126
GPT,3.5-KNN,29.17933130699088,36.6412213740458,24.242424242424242,50.19607843137256,70.32967032967034,39.02439024390244,46.98570540708515,42.42424242424242,52.64623955431755,66.98499317871762,59.5873786407767,76.4797507788162,61.45146088595664,47.383720930232556,87.39946380697052
GPT,3.5-KNN-906,31.804281345565755,40.310077519379846,26.262626262626267,51.737451737451735,70.52631578947368,40.853658536585364,45.951035781544256,41.82857142857143,50.974930362116986,67.49140893470792,60.39360393603936,76.4797507788162,62.76595744680851,49.09228441754917,86.99731903485255
GPT,4-KNN,38.0952380952381,46.3768115942029,32.323232323232325,56.928838951310865,73.7864077669903,46.34146341463415,53.6015574302401,50.18226002430134,57.5208913649025,71.58043940467752,65.66970091027308,78.66043613707166,66.09398686205155,53.04136253041363,87.66756032171583
GPT,4-KNN-906,36.024844720496894,46.774193548387096,29.292929292929294,56.916996047430835,80.89887640449437,43.90243902439025,54.19029615626969,49.48216340621404,59.888579387186624,71.61512027491409,64.08364083640836,81.15264797507788,65.91796875000001,51.843317972350235,90.48257372654156
