model_type,model,Aspect-Category-Sentiment,Aspect-Category-Sentiment,Aspect-Category-Sentiment,Aspect-Category-Opinion,Aspect-Category-Opinion,Aspect-Category-Opinion,Aspect-Sentiment-Opinion,Aspect-Sentiment-Opinion,Aspect-Sentiment-Opinion,Category-Sentiment-Opinion,Category-Sentiment-Opinion,Category-Sentiment-Opinion,Aspect-Opinion,Aspect-Opinion,Aspect-Opinion,Aspect-Sentiment,Aspect-Sentiment,Aspect-Sentiment
,,f1-score,precision,recall,f1-score,precision,recall,f1-score,precision,recall,f1-score,precision,recall,f1-score,precision,recall,f1-score,precision,recall
MvP,MAIN,68.44602609727166,69.26770708283313,67.64361078546307,63.576158940397356,64.28571428571429,62.882096069869,65.47285954113039,65.65656565656566,65.29017857142857,64.90299823633158,64.56140350877193,65.24822695035462,70.06155567991047,70.2581369248036,69.86607142857143,77.22529158993247,77.65432098765433,76.80097680097681
MvP,UNIFIED,66.39199529134785,66.66666666666666,66.11957796014069,62.84153005464482,62.910284463894975,62.772925764192145,65.81717451523546,65.34653465346535,66.29464285714286,65.03210741389375,64.24452133794695,65.83924349881796,70.80332409972299,70.29702970297029,71.31696428571429,75.40983606557377,75.0,75.82417582417582
GEN_SCL_NAT,GEN_SCL_NAT,73.22599880739416,74.51456310679612,71.98124267291911,66.0377358490566,67.15575620767494,64.95633187772926,68.2459108855048,68.98517673888256,67.52232142857143,68.09015421115065,68.33333333333333,67.84869976359337,72.23476297968396,73.0593607305936,71.42857142857143,80.79061148857319,81.75,79.85347985347985
GPT,GPT-3.5,56.84210526315788,53.88655462184874,60.14067995310668,46.7733608673206,44.36826640548482,49.454148471615724,50.654107796964944,47.68472906403941,54.01785714285714,48.88392857142858,46.30021141649049,51.77304964539007,54.45026178010471,51.28205128205128,58.03571428571429,68.28143021914647,64.69945355191257,72.28327228327228
GPT,GPT-4,65.78947368421052,64.24581005586593,67.40914419695193,53.063399041022905,51.821019771071796,54.366812227074234,56.46551724137932,54.58333333333333,58.48214285714286,56.83247570040023,55.03875968992248,58.74704491725768,59.1594827586207,57.1875,61.27232142857143,74.41314553990611,71.63841807909604,77.41147741147742
