model_type,model,Total Opinion,Total Opinion,Total Opinion,Total Opinion,Total Opinion,Total Opinion
,,f1-score,precision,recall,span f1-score,span precision,span recall
GPT,3.5-KNN,78.73831775700934,83.00492610837439,74.8888888888889,85.50537634408603,95.21072796934867,77.59562841530054
GPT,3.5-RAND,78.40375586854461,83.08457711442786,74.22222222222223,84.95114006514657,95.74155653450808,76.34660421545667
GPT,4-KNN,83.06997742663657,84.40366972477065,81.77777777777779,90.29687188683005,92.22629222629223,88.44652615144419
GPT,4-RAND,82.65765765765765,83.78995433789954,81.55555555555556,90.09508716323296,91.4722445695897,88.75878220140515
