model_type,model,Total Opinion,Total Opinion,Total Opinion,Total Opinion,Total Opinion,Total Opinion
,,f1-score,precision,recall,span f1-score,span precision,span recall
GPT,3.5-KNN,78.73831775700934,83.00492610837439,74.8888888888889,85.50537634408603,95.21072796934867,77.59562841530054
GPT,3.5-KNN-906,78.73831775700934,83.00492610837439,74.8888888888889,85.19715578539108,95.0937950937951,77.1662763466042
GPT,4-KNN,83.06997742663657,84.40366972477065,81.77777777777779,90.29687188683005,92.22629222629223,88.44652615144419
GPT,4-KNN-906,83.06997742663657,84.40366972477065,81.77777777777779,91.06933019976498,91.39150943396226,90.74941451990632
