model_type,model,Exact (Only Indirect Opinion),Exact (Only Indirect Opinion),Exact (Only Indirect Opinion),Indirect Opinion,Indirect Opinion,Indirect Opinion,Indirect Opinion,Indirect Opinion,Indirect Opinion
,,f1-score,precision,recall,f1-score,precision,recall,span f1-score,span precision,span recall
GPT,3.5-KNN-906,8.873720136518772,8.96551724137931,8.783783783783784,12.497096399535424,15.661764705882353,10.4,29.45946185357966,58.02148896941954,19.83173076923077
GPT,3.5-RAND-906,7.849829351535837,7.931034482758621,7.77027027027027,11.037271121851472,13.815207780725022,9.2,25.75246958235764,54.27583941714814,16.88701923076923
GPT,4-KNN-906,31.756756756756758,31.756756756756758,31.756756756756758,36.01750171585449,37.383592017738366,34.8,66.22963845848233,67.29943815050198,65.26442307692307
GPT,4-RAND-906,29.098717361429223,29.143684500827355,29.05405405405405,33.32635106828654,34.867310937260314,31.999999999999996,65.42450369442942,67.11269671078887,64.0625
