model_type,model,Exact (Only Indirect Opinion),Exact (Only Indirect Opinion),Exact (Only Indirect Opinion),Indirect Opinion,Indirect Opinion,Indirect Opinion,Indirect Opinion,Indirect Opinion,Indirect Opinion
,,f1-score,precision,recall,f1-score,precision,recall,span f1-score,span precision,span recall
GPT,3.5-KNN,7.50853242320819,7.586206896551724,7.4324324324324325,10.731707317073171,13.750000000000002,8.799999999999999,28.284671532846716,58.71212121212122,18.629807692307693
GPT,3.5-KNN-906,7.50853242320819,7.586206896551724,7.4324324324324325,10.731707317073171,13.750000000000002,8.799999999999999,26.617375231053604,57.599999999999994,17.307692307692307
GPT,4-KNN,30.405405405405407,30.405405405405407,30.405405405405407,35.744680851063826,38.18181818181819,33.6,61.56888595912986,68.17518248175183,56.129807692307686
GPT,4-KNN-906,31.08108108108108,31.08108108108108,31.08108108108108,35.44303797468354,37.5,33.6,66.95174098961515,68.07453416149069,65.86538461538461
