model_type,model,Shoes-ACOSI,Shoes-ACOSI,Shoes-ACOSI
,,f1-score,precision,recall
MvP,MAIN,88.94325508932658,92.08018379526824,86.01851851851852
MvP,UNIFIED,89.65921972118805,92.36004234378967,87.12962962962963
GEN-SCL-NAT,GEN-SCL-NAT,90.69212410501193,93.59605911330048,87.96296296296296
GPT,3.5-KNN,87.47044917257683,89.3719806763285,85.64814814814815
GPT,3.5-KNN-906,87.5598086124402,90.5940594059406,84.72222222222221
GPT,4-KNN,89.97668997668997,90.61032863849765,89.35185185185185
GPT,4-KNN-906,90.39812646370024,91.4691943127962,89.35185185185185
