model_type,model,Shoes-ACOSI,Shoes-ACOSI,Shoes-ACOSI
,,f1-score,precision,recall
MvP,MAIN,88.3054892601432,91.13300492610837,85.64814814814815
MvP,UNIFIED,90.33816425120773,94.44444444444444,86.57407407407408
GEN_SCL_NAT,GEN_SCL_NAT,90.69212410501193,93.59605911330048,87.96296296296296
GPT,GPT-3.5,87.47044917257683,89.3719806763285,85.64814814814815
GPT,GPT-4,89.97668997668997,90.61032863849765,89.35185185185185
