model_type,model,Shoes-ACOS,Shoes-ACOS,Shoes-ACOS
,,f1-score,precision,recall
GPT,3.5-KNN,7.50853242320819,7.586206896551724,7.4324324324324325
GPT,3.5-KNN-906,7.50853242320819,7.586206896551724,7.4324324324324325
GPT,3.5-RAND-906,7.50853242320819,7.586206896551724,7.4324324324324325
GPT,4-KNN,30.405405405405407,30.405405405405407,30.405405405405407
GPT,4-KNN-906,31.08108108108108,31.08108108108108,31.08108108108108
GPT,4-RAND-906,36.486486486486484,36.486486486486484,36.486486486486484
