model_type,model,Restaurant-ACOS,Restaurant-ACOS,Restaurant-ACOS,Laptop-ACOS,Laptop-ACOS,Laptop-ACOS,Shoes-ACOS,Shoes-ACOS,Shoes-ACOS
,,f1-score,precision,recall,f1-score,precision,recall,f1-score,precision,recall
MvP,MAIN,77.22529158993247,77.65432098765433,76.80097680097681,76.0,76.45875251509054,75.54671968190854,69.84615384615384,74.18300653594771,65.98837209302324
MvP,UNIFIED,77.20364741641338,76.87651331719128,77.53357753357754,75.98997493734335,76.64307381193125,75.3479125248509,69.78851963746223,72.64150943396226,67.15116279069767
GEN-SCL-NAT,GEN-SCL-NAT,80.79061148857319,81.75,79.85347985347985,76.7616191904048,77.1859296482412,76.34194831013916,70.55306427503739,72.61538461538461,68.6046511627907
GPT,3.5-KNN,68.28143021914647,64.69945355191257,72.28327228327228,65.52044609665427,61.518324607329845,70.07952286282307,56.58682634730538,58.333333333333336,54.94186046511628
GPT,3.5-RAND,64.95726495726495,60.89743589743589,69.59706959706959,60.08306414397785,56.07235142118863,64.7117296222664,58.84101040118871,60.182370820668694,57.55813953488372
GPT,4-KNN,74.41314553990611,71.63841807909604,77.41147741147742,71.72478793590955,68.1899641577061,75.64612326043738,68.84272997032642,70.3030303030303,67.44186046511628
GPT,4-RAND,70.17129356172475,67.96338672768879,72.52747252747253,69.14285714285714,66.36197440585009,72.16699801192843,64.54545454545453,67.40506329113924,61.91860465116279
