model_type,model,Shoes-ACOSI,Shoes-ACOSI,Shoes-ACOSI
,,f1-score,precision,recall
MvP,MAIN,69.89795918367346,74.86338797814209,65.55023923444976
MvP,UNIFIED,69.89795918367346,74.86338797814209,65.55023923444976
GEN-SCL-NAT,GEN-SCL-NAT,68.64197530864197,70.91836734693877,66.50717703349282
GPT,3.5-KNN,71.0089399744572,76.16438356164383,66.50717703349282
GPT,3.5-RAND,66.14785992217898,72.23796033994334,61.004784688995215
GPT,4-KNN,72.97297297297298,75.0,71.05263157894737
GPT,4-RAND,69.11392405063293,73.38709677419355,65.311004784689
