model_type,model,Shoes-ACOSI,Shoes-ACOSI,Shoes-ACOSI
,,f1-score,precision,recall
MvP,MAIN,69.89795918367346,74.86338797814209,65.55023923444976
MvP,UNIFIED,69.89795918367346,74.86338797814209,65.55023923444976
GEN_SCL_NAT,GEN_SCL_NAT,68.64197530864197,70.91836734693877,66.50717703349282
GPT,GPT-3.5,71.0089399744572,76.16438356164383,66.50717703349282
GPT,GPT-4,72.97297297297298,75.0,71.05263157894737
