model_type,model,Shoes-ACOSI,Shoes-ACOSI,Shoes-ACOSI
,,f1-score,precision,recall
MvP,MAIN,70.32592037683028,75.48031482089073,65.83732057416269
MvP,UNIFIED,70.75610364219396,75.96325046988707,66.2200956937799
GEN-SCL-NAT,GEN-SCL-NAT,68.64197530864197,70.91836734693877,66.50717703349282
GPT,3.5-KNN,71.0089399744572,76.16438356164383,66.50717703349282
GPT,3.5-KNN-906,70.27027027027027,76.04456824512535,65.311004784689
GPT,4-KNN,72.97297297297298,75.0,71.05263157894737
GPT,4-KNN-906,73.95577395577395,76.01010101010101,72.00956937799043
