model_type,model,Shoes-ACOSI,Shoes-ACOSI,Shoes-ACOSI,Shoes-ACOSI,Shoes-ACOSI,Shoes-ACOSI
,,f1-score,precision,recall,span f1-score,span precision,span recall
MvP,MAIN,77.66990291262137,80.64516129032258,74.90636704119851,75.72156196943973,80.2158273381295,71.70418006430869
MvP,UNIFIED,77.34375000000001,80.81632653061224,74.15730337078652,75.64935064935064,76.39344262295083,74.91961414790997
GPT,3.5,71.53846153846153,73.51778656126481,69.66292134831461,69.96699669966996,71.86440677966101,68.16720257234726
GPT,4,75.04761904761905,76.35658914728683,73.78277153558052,73.88535031847134,73.18611987381703,74.59807073954984
,GEN-SCL-NAT,76.7716535433071,80.91286307053942,73.03370786516854,75.38200339558574,79.85611510791367,71.38263665594855
