model_type,model,Shoes-ACOSI,Shoes-ACOSI,Shoes-ACOSI,Shoes-ACOSI,Shoes-ACOSI,Shoes-ACOSI
,,f1-score,precision,recall,span f1-score,span precision,span recall
MvP,MAIN,77.04152081394307,80.15971622756584,74.15730337078652,74.59344025441764,77.17145369907811,72.2186495176849
MvP,UNIFIED,76.43675639648521,79.73785098959911,73.40823970037454,73.52960088037707,74.09954867820777,72.9903536977492
GEN-SCL-NAT,GEN-SCL-NAT,76.7716535433071,80.91286307053942,73.03370786516854,75.38200339558574,79.85611510791367,71.38263665594855
GPT,3.5-KNN,71.53846153846153,73.51778656126481,69.66292134831461,69.96699669966996,71.86440677966101,68.16720257234726
GPT,3.5-KNN-906,71.53846153846153,73.51778656126481,69.66292134831461,69.6223316912972,71.14093959731544,68.16720257234726
GPT,4-KNN,75.04761904761905,76.35658914728683,73.78277153558052,73.88535031847134,73.18611987381703,74.59807073954984
GPT,4-KNN-906,74.90494296577947,76.06177606177607,73.78277153558052,74.24000000000001,73.88535031847134,74.59807073954984
