model_type,model,Restaurant-ACOS,Restaurant-ACOS,Restaurant-ACOS,Restaurant-ACOS,Restaurant-ACOS,Restaurant-ACOS,Laptop-ACOS,Laptop-ACOS,Laptop-ACOS,Laptop-ACOS,Laptop-ACOS,Laptop-ACOS,Shoes-ACOS,Shoes-ACOS,Shoes-ACOS,Shoes-ACOS,Shoes-ACOS,Shoes-ACOS
,,f1-score,precision,recall,span f1-score,span precision,span recall,f1-score,precision,recall,span f1-score,span precision,span recall,f1-score,precision,recall,span f1-score,span precision,span recall
MvP,MAIN,81.64014687882498,80.55555555555556,82.75434243176178,81.00588550026751,78.9363920750782,83.1868131868132,87.49414519906324,86.96461824953445,88.03016022620169,87.46150461944566,87.26953467954345,87.65432098765432,37.961783439490446,38.60103626943005,37.34335839598997,56.985583224115345,57.57415254237288,56.40892579138558
MvP,UNIFIED,83.98058252427184,82.18527315914488,85.8560794044665,83.26133909287256,81.84713375796179,84.72527472527473,86.56716417910447,85.68790397045245,87.46465598491989,86.65797479356802,85.43273350471294,87.91887125220458,39.79193758127439,41.351351351351354,38.34586466165413,54.33242506811988,57.20022948938611,51.73845355474831
GEN_SCL_NAT,GEN_SCL_NAT,81.95302843016069,81.65024630541872,82.25806451612904,80.99621007038441,79.82924226254002,82.19780219780219,87.6699484294421,87.22014925373134,88.124410933082,87.78558875219684,87.47810858143608,88.09523809523809,39.31203931203931,38.55421686746988,40.100250626566414,59.16833667334669,57.19128329297821,61.28697457187337
GPT,GPT-3.5,64.49738524113889,60.65573770491803,68.85856079404466,60.80000000000001,49.28327645051195,79.34065934065934,65.81497797356828,61.78660049627791,70.4052780395853,60.20995597697257,48.87300714678395,78.39506172839506,26.450116009280745,24.622030237580994,28.57142857142857,62.01726487960018,55.15151515151515,70.83549558899844
GPT,GPT-4,69.24910607866506,66.62844036697247,72.08436724565756,65.12249443207126,54.756554307116104,80.32967032967034,70.29250457038391,68.23425022182786,72.47879359095192,67.28693710457759,58.20991629104958,79.71781305114638,31.70441001191895,30.227272727272727,33.33333333333333,63.584080975385326,57.107438016528924,71.71769590036325
