model_type,model,Shoes-ACOSI,Shoes-ACOSI,Shoes-ACOSI
,,f1-score,precision,recall
MvP,MAIN,34.201585503963756,35.86698337292161,32.683982683982684
MvP,UNIFIED,34.24657534246575,36.231884057971016,32.467532467532465
GEN-SCL-NAT,GEN-SCL-NAT,35.24229074889868,35.874439461883405,34.63203463203463
GPT,3.5-KNN,23.541666666666668,22.690763052208833,24.458874458874458
GPT,3.5-RAND,21.702127659574465,21.338912133891213,22.07792207792208
GPT,4-KNN,27.03862660944206,26.80851063829787,27.27272727272727
GPT,4-RAND,25.729729729729726,25.70194384449244,25.757575757575758
