model_type,model,Shoes-ACOSI,Shoes-ACOSI,Shoes-ACOSI
,,f1-score,precision,recall
MvP,MAIN,83.53556457141096,86.07194157735842,81.14583333333333
MvP,UNIFIED,84.23249160333712,86.5372917998347,82.08333333333334
GEN-SCL-NAT,GEN-SCL-NAT,85.25469168900803,87.84530386740332,82.8125
GPT,3.5-KNN,83.5978835978836,84.94623655913979,82.29166666666666
GPT,3.5-KNN-906,82.47978436657682,85.47486033519553,79.6875
GPT,4-KNN,83.81962864721486,85.4054054054054,82.29166666666666
GPT,4-KNN-906,85.03937007874015,85.71428571428571,84.375
