model_type,model,Shoes-ACOSI,Shoes-ACOSI,Shoes-ACOSI
,,f1-score,precision,recall
MvP,MAIN,83.10991957104558,85.6353591160221,80.72916666666666
MvP,UNIFIED,86.32707774798926,88.95027624309392,83.85416666666666
GEN_SCL_NAT,GEN_SCL_NAT,85.25469168900803,87.84530386740332,82.8125
GPT,GPT-3.5,83.5978835978836,84.94623655913979,82.29166666666666
GPT,GPT-4,83.81962864721486,85.4054054054054,82.29166666666666
