model_type,model,Shoes-ACOSI,Shoes-ACOSI,Shoes-ACOSI
,,f1-score,precision,recall
MvP,MAIN,16.919681779749997,18.596647302657495,15.521235521235521
MvP,UNIFIED,17.244634709273903,18.939602878569396,15.83011583011583
GEN-SCL-NAT,GEN-SCL-NAT,15.212981744421905,16.025641025641026,14.478764478764477
GPT,3.5-KNN,11.111111111111112,11.220472440944881,11.003861003861005
GPT,3.5-KNN-906,11.1328125,11.264822134387352,11.003861003861005
GPT,4-KNN,13.930348258706468,14.37371663244353,13.513513513513514
GPT,4-KNN-906,14.087301587301585,14.489795918367346,13.706563706563706
