model_type,model,Shoes-ACOSI,Shoes-ACOSI,Shoes-ACOSI
,,f1-score,precision,recall
MvP,MAIN,16.317991631799163,17.80821917808219,15.057915057915059
MvP,UNIFIED,17.33615221987315,19.158878504672895,15.83011583011583
GPT,3.5,11.111111111111112,11.220472440944881,11.003861003861005
GPT,4,13.930348258706468,14.37371663244353,13.513513513513514
,GEN-SCL-NAT,15.212981744421905,16.025641025641026,14.478764478764477
