model_type,model,Shoes-ACOSI,Shoes-ACOSI,Shoes-ACOSI
,,f1-score,precision,recall
MvP,MAIN,16.317991631799163,17.80821917808219,15.057915057915059
MvP,UNIFIED,17.33615221987315,19.158878504672895,15.83011583011583
GEN-SCL-NAT,GEN-SCL-NAT,15.212981744421905,16.025641025641026,14.478764478764477
GPT,3.5-KNN,11.111111111111112,11.220472440944881,11.003861003861005
GPT,3.5-RAND,9.542743538767395,9.836065573770492,9.266409266409266
GPT,4-KNN,13.930348258706468,14.37371663244353,13.513513513513514
GPT,4-RAND,10.761421319796954,11.349036402569594,10.231660231660232
