model_type,model,Restaurant-ACOS,Restaurant-ACOS,Restaurant-ACOS,Laptop-ACOS,Laptop-ACOS,Laptop-ACOS,Shoes-ACOS,Shoes-ACOS,Shoes-ACOS
,,f1-score,precision,recall,f1-score,precision,recall,f1-score,precision,recall
MvP,MAIN,90.4153354632588,90.12738853503186,90.7051282051282,90.05847953216376,89.74358974358975,90.3755868544601,87.3508353221957,90.14778325123153,84.72222222222221
MvP,UNIFIED,89.11834789515488,88.34645669291339,89.90384615384616,89.77673325499413,89.88235294117646,89.67136150234741,89.09952606635072,91.2621359223301,87.03703703703704
GPT,3.5,89.13385826771653,87.61609907120743,90.7051282051282,88.59447004608296,86.99095022624435,90.25821596244131,83.91608391608393,84.50704225352112,83.33333333333334
GPT,4,91.36577708006278,89.53846153846153,93.26923076923077,91.04563835932987,89.64732650739477,92.48826291079813,91.16279069767442,91.58878504672897,90.74074074074075
,GEN-SCL-NAT,91.84,91.69329073482429,91.98717948717949,90.26239067055394,89.68713789107764,90.84507042253522,90.61032863849765,91.9047619047619,89.35185185185185
