model_type,model,Restaurant-ACOS,Restaurant-ACOS,Restaurant-ACOS,Laptop-ACOS,Laptop-ACOS,Laptop-ACOS,Shoes-ACOS,Shoes-ACOS,Shoes-ACOS
,,f1-score,precision,recall,f1-score,precision,recall,f1-score,precision,recall
MvP,MAIN,90.23313292332443,89.86073092375037,90.60897435897436,89.80297925285004,89.67707103454137,89.92957746478874,88.01330115426201,91.25908663659487,85.0
MvP,UNIFIED,89.72169093940643,89.2256184315186,90.22435897435898,90.08065859111296,89.99894491430844,90.16431924882629,89.2999428931515,93.10344888238049,85.83333333333334
GEN-SCL-NAT,GEN-SCL-NAT,91.84,91.69329073482429,91.98717948717949,90.26239067055394,89.68713789107764,90.84507042253522,90.61032863849765,91.9047619047619,89.35185185185185
GPT,3.5-KNN,89.13385826771653,87.61609907120743,90.7051282051282,88.59447004608296,86.99095022624435,90.25821596244131,83.91608391608393,84.50704225352112,83.33333333333334
GPT,3.5-KNN-906,89.60629921259842,88.08049535603715,91.18589743589743,88.42592592592592,87.21461187214612,89.67136150234741,84.70588235294117,86.1244019138756,83.33333333333334
GPT,4-KNN,91.36577708006278,89.53846153846153,93.26923076923077,91.04563835932987,89.64732650739477,92.48826291079813,91.16279069767442,91.58878504672897,90.74074074074075
GPT,4-KNN-906,90.70866141732284,89.1640866873065,92.3076923076923,90.80393290919606,89.50969213226911,92.13615023474179,90.69767441860466,91.1214953271028,90.27777777777779
